symbol,name,sector,weight
NVDA,NVIDIA CORP,Unknown,0.08003578978692731
AAPL,APPLE INC,Unknown,0.06924206390520357
MSFT,MICROSOFT CORP,Unknown,0.05603255943397239
AMZN,AMAZON.COM INC,Unknown,0.040217129618332674
GOOGL,ALPHABET INC CL A,Unknown,0.03165456041639396
AVGO,BROADCOM INC,Unknown,0.03004662028505758
GOOG,ALPHABET INC CL C,Unknown,0.025434145236689663
META,META PLATFORMS INC CLASS A,Unknown,0.019547692935750788
MU,MICRON TECHNOLOGY INC,Unknown,0.014998463352390775
BRK/B,BERKSHIRE HATHAWAY INC CL B,Unknown,0.014511746511455611
JPM,JPMORGAN CHASE + CO,Unknown,0.014405012908220246
LLY,ELI LILLY + CO,Unknown,0.014226756580986388
TSLA,TESLA INC,Unknown,0.013572542848627384
AMD,ADVANCED MICRO DEVICES,Unknown,0.012037126319039268
XOM,EXXONMOBIL HOLDINGS CORP,Unknown,0.009683292053465046
JNJ,JOHNSON + JOHNSON,Unknown,0.009332684577720966
V,VISA INC CLASS A SHARES,Unknown,0.009276895651948844
WMT,WALMART INC,Unknown,0.007412490606011658
CSCO,CISCO SYSTEMS INC,Unknown,0.007202866770100041
INTC,INTEL CORP,Unknown,0.007117772143814681
MA,MASTERCARD INC   A,Unknown,0.007010888408916851
ABBV,ABBVIE INC,Unknown,0.0064997201245548305
COST,COSTCO WHOLESALE CORP,Unknown,0.006352240788126368
AMAT,APPLIED MATERIALS INC,Unknown,0.006318951594169052
BAC,BANK OF AMERICA CORP,Unknown,0.0062045512673704565
CAT,CATERPILLAR INC,Unknown,0.0059541316543782535
GE,GENERAL ELECTRIC,Unknown,0.0058948496652594376
LRCX,LAM RESEARCH CORP,Unknown,0.0057722121145802425
UNH,UNITEDHEALTH GROUP INC,Unknown,0.005533913131137744
PLTR,PALANTIR TECHNOLOGIES INC A,Unknown,0.005399865574111183
CVX,CHEVRON CORP,Unknown,0.0053435662006866775
HD,HOME DEPOT INC,Unknown,0.0052511951931604964
PG,PROCTER + GAMBLE CO/THE,Unknown,0.005162327257758508
KO,COCA COLA CO/THE,Unknown,0.005072638602601708
MRK,MERCK + CO. INC.,Unknown,0.004784085547343308
NFLX,NETFLIX INC,Unknown,0.004680434647577231
GS,GOLDMAN SACHS GROUP INC,Unknown,0.004594809556084494
RTX,RTX CORP,Unknown,0.004536608514935427
PM,PHILIP MORRIS INTERNATIONAL,Unknown,0.004422488433906766
PANW,PALO ALTO NETWORKS INC,Unknown,0.004399198008669642
GEV,GE VERNOVA INC,Unknown,0.0040544456677617125
WFC,WELLS FARGO + CO,Unknown,0.004021476754684322
MS,MORGAN STANLEY,Unknown,0.003866340703470128
TXN,TEXAS INSTRUMENTS INC,Unknown,0.0038242037502048535
KLAC,KLA CORP,Unknown,0.0038103415933705524
ORCL,ORACLE CORP,Unknown,0.003672080341017464
C,CITIGROUP INC,Unknown,0.0034439903106226084
LIN,LINDE PLC,Unknown,0.003419228595093324
IBM,INTL BUSINESS MACHINES CORP,Unknown,0.0033105833153558996
AMGN,AMGEN INC,Unknown,0.0032948094820195403
TMO,THERMO FISHER SCIENTIFIC INC,Unknown,0.0032533731431791044
CRWD,CROWDSTRIKE HOLDINGS INC   A,Unknown,0.0031875454135767978
APH,AMPHENOL CORP CL A,Unknown,0.0031681383940087766
ANET,ARISTA NETWORKS INC,Unknown,0.0029973486147881964
MCD,MCDONALD S CORP,Unknown,0.0029628183324211656
VZ,VERIZON COMMUNICATIONS INC,Unknown,0.0029616473054539356
STX,SEAGATE TECHNOLOGY HOLDINGS,Unknown,0.002885890868573921
PEP,PEPSICO INC,Unknown,0.002856054702853308
ABT,ABBOTT LABORATORIES,Unknown,0.0028383691930148895
SNDK,SANDISK CORP,Unknown,0.0028113955376586146
MRVL,MARVELL TECHNOLOGY INC,Unknown,0.0027815793894929966
ADI,ANALOG DEVICES INC,Unknown,0.0027804483976357577
BA,BOEING CO/THE,Unknown,0.002762822940462326
AXP,AMERICAN EXPRESS CO,Unknown,0.002752133566094793
DIS,WALT DISNEY CO/THE,Unknown,0.002743766228106724
TJX,TJX COMPANIES INC,Unknown,0.002705032259190664
NEE,NEXTERA ENERGY INC,Unknown,0.0026629453498128778
SCHW,SCHWAB (CHARLES) CORP,Unknown,0.0026565697585468496
UNP,UNION PACIFIC CORP,Unknown,0.0026470914462565377
ETN,EATON CORP PLC,Unknown,0.0026204280630026913
QCOM,QUALCOMM INC,Unknown,0.00255171780548105
WELL,WELLTOWER INC,Unknown,0.002514625276074611
T,AT+T INC,Unknown,0.002486710795633554
BLK,BLACKROCK INC,Unknown,0.002461158386681952
GILD,GILEAD SCIENCES INC,Unknown,0.0024524407414814636
BKNG,BOOKING HOLDINGS INC,Unknown,0.002425667261675143
WDC,WESTERN DIGITAL CORP,Unknown,0.0023483294379504933
DE,DEERE + CO,Unknown,0.0023314646478668857
CRM,SALESFORCE INC,Unknown,0.0023062024934627167
PFE,PFIZER INC,Unknown,0.0022533461394974156
UBER,UBER TECHNOLOGIES INC,Unknown,0.002165278906295242
COP,CONOCOPHILLIPS,Unknown,0.0021471229839144326
COF,CAPITAL ONE FINANCIAL CORP,Unknown,0.0020665222987255355
PH,PARKER HANNIFIN CORP,Unknown,0.0020359454834700933
ISRG,INTUITIVE SURGICAL INC,Unknown,0.001997711953428917
PLD,PROLOGIS INC,Unknown,0.001990956028617977
BMY,BRISTOL MYERS SQUIBB CO,Unknown,0.001977304056111128
CB,CHUBB LTD,Unknown,0.0019275504231701112
DELL,DELL TECHNOLOGIES  C,Unknown,0.0019110859841864113
DHR,DANAHER CORP,Unknown,0.0019014375226786382
PGR,PROGRESSIVE CORP,Unknown,0.001899375714514114
GLW,CORNING INC,Unknown,0.0018581095248911385
SPGI,S+P GLOBAL INC,Unknown,0.0018546965317644262
VRTX,VERTEX PHARMACEUTICALS INC,Unknown,0.0018542961806645184
CVS,CVS HEALTH CORP,Unknown,0.0018531151449197912
LOW,LOWE S COS INC,Unknown,0.001846439290328832
NOW,SERVICENOW INC,Unknown,0.0018268220864333595
SBUX,STARBUCKS CORP,Unknown,0.0018090865327074531
LMT,LOCKHEED MARTIN CORP,Unknown,0.0017823030441236351
SYK,STRYKER CORP,Unknown,0.0017573111267119032
HWM,HOWMET AEROSPACE INC,Unknown,0.0017488737272813508
MO,ALTRIA GROUP INC,Unknown,0.0017076976166558542
NEM,NEWMONT CORP,Unknown,0.0016989499451228734
MDT,MEDTRONIC PLC,Unknown,0.001665070233293193
ADP,AUTOMATIC DATA PROCESSING,Unknown,0.0016503273040390958
BNY,BANK OF NEW YORK MELLON CORP,Unknown,0.0016454630381752184
TT,TRANE TECHNOLOGIES PLC,Unknown,0.0015970806077513853
VRT,VERTIV HOLDINGS CO A,Unknown,0.0015944282817144976
ADBE,ADOBE INC,Unknown,0.0015877023832360497
ACN,ACCENTURE PLC CL A,Unknown,0.001585690618959014
MCK,MCKESSON CORP,Unknown,0.0015812467217500396
SO,SOUTHERN CO/THE,Unknown,0.0015807462828751552
EQIX,EQUINIX INC,Unknown,0.0015658332044035973
PNC,PNC FINANCIAL SERVICES GROUP,Unknown,0.00153211363301388
PWR,QUANTA SERVICES INC,Unknown,0.0015126966046683616
FTNT,FORTINET INC,Unknown,0.0015050398898826289
BX,BLACKSTONE INC,Unknown,0.0014964623675671085
USB,US BANCORP,Unknown,0.0014951412089374133
GD,GENERAL DYNAMICS CORP,Unknown,0.0014823600000728634
FCX,FREEPORT MCMORAN INC,Unknown,0.0014794274282660404
DUK,DUKE ENERGY CORP,Unknown,0.0014580086444209838
CME,CME GROUP INC,Unknown,0.001445697848098825
JCI,JOHNSON CONTROLS INTERNATION,Unknown,0.0014233582567239815
MMM,3M CO,Unknown,0.0014226376247441475
CSX,CSX CORP,Unknown,0.0014220070717617932
CDNS,CADENCE DESIGN SYS INC,Unknown,0.0014089656346823033
MRSH,MARSH + MCLENNAN COS,Unknown,0.0014056427205530703
APP,APPLOVIN CORP CLASS A,Unknown,0.0013631854864078693
VLO,VALERO ENERGY CORP,Unknown,0.001357970913331573
CMCSA,COMCAST CORP CLASS A,Unknown,0.0013535870687875848
INTU,INTUIT INC,Unknown,0.0013436883878423698
CMI,CUMMINS INC,Unknown,0.001341316307575417
EMR,EMERSON ELECTRIC CO,Unknown,0.0013266434397638037
WMB,WILLIAMS COS INC,Unknown,0.0013224197356597783
MPC,MARATHON PETROLEUM CORP,Unknown,0.0013186063914331586
ELV,ELEVANCE HEALTH INC,Unknown,0.0012830051698738756
ICE,INTERCONTINENTAL EXCHANGE IN,Unknown,0.0012783010444499612
WM,WASTE MANAGEMENT INC,Unknown,0.001277079973595243
TMUS,T MOBILE US INC,Unknown,0.0012641686506232232
CEG,CONSTELLATION ENERGY,Unknown,0.0012598448587442213
SHW,SHERWIN WILLIAMS CO/THE,Unknown,0.0012582534631220882
PSX,PHILLIPS 66,Unknown,0.0012437207181954426
TRV,TRAVELERS COS INC/THE,Unknown,0.0012388764698865607
ROST,ROSS STORES INC,Unknown,0.0012366545212820737
DASH,DOORDASH INC   A,Unknown,0.0012181182653563517
MDLZ,MONDELEZ INTERNATIONAL INC A,Unknown,0.0012163266941842652
RCL,ROYAL CARIBBEAN CRUISES LTD,Unknown,0.001207008522333916
AMT,AMERICAN TOWER CORP,Unknown,0.0012039358276421254
MAR,MARRIOTT INTERNATIONAL  CL A,Unknown,0.0011882320557482498
MSI,MOTOROLA SOLUTIONS INC,Unknown,0.001187481397435923
GM,GENERAL MOTORS CO,Unknown,0.001183287719664391
SNPS,SYNOPSYS INC,Unknown,0.00117388947759406
ORLY,O REILLY AUTOMOTIVE INC,Unknown,0.001167924246205437
ITW,ILLINOIS TOOL WORKS,Unknown,0.0011646413671861945
REGN,REGENERON PHARMACEUTICALS,Unknown,0.0011645913232987061
SLB,SLB LTD,Unknown,0.0011630799978965551
AON,AON PLC CLASS A,Unknown,0.001163039962786564
UPS,UNITED PARCEL SERVICE CL B,Unknown,0.0011629999276765734
NSC,NORFOLK SOUTHERN CORP,Unknown,0.0011569946611779596
HON,HONEYWELL INTERNATIONAL INC,Unknown,0.0011512296053392901
DDOG,DATADOG INC   CLASS A,Unknown,0.0011450341720682202
NOC,NORTHROP GRUMMAN CORP,Unknown,0.0011439932592084603
CL,COLGATE PALMOLIVE CO,Unknown,0.0011233051161207352
HLT,HILTON WORLDWIDE HOLDINGS IN,Unknown,0.001106400290927137
BSX,BOSTON SCIENTIFIC CORP,Unknown,0.0011060499837147178
URI,UNITED RENTALS INC,Unknown,0.0010991539360188094
CI,THE CIGNA GROUP,Unknown,0.0010989937955788464
EOG,EOG RESOURCES INC,Unknown,0.001095030319689761
SPG,SIMON PROPERTY GROUP INC,Unknown,0.0010858122356143887
HOOD,ROBINHOOD MARKETS INC   A,Unknown,0.0010838505152248414
ECL,ECOLAB INC,Unknown,0.0010837904625598555
KKR,KKR + CO INC,Unknown,0.0010785358543735682
MCO,MOODY S CORP,Unknown,0.0010729409477523595
ALL,ALLSTATE CORP,Unknown,0.0010689174191982882
TDG,TRANSDIGM GROUP INC,Unknown,0.0010651641276366545
HPE,HEWLETT PACKARD ENTERPRISE,Unknown,0.0010497105751802213
PCAR,PACCAR INC,Unknown,0.0010490700134203692
FDX,FEDEX CORP,Unknown,0.0010465678190459465
CTAS,CINTAS CORP,Unknown,0.0010350677337011007
AEP,AMERICAN ELECTRIC POWER,Unknown,0.0010287121599900676
MNST,MONSTER BEVERAGE CORP,Unknown,0.0010141694062859245
DLR,DIGITAL REALTY TRUST INC,Unknown,0.0010102359567293322
APD,AIR PRODUCTS + CHEMICALS INC,Unknown,0.0010084343767797481
MPWR,MONOLITHIC POWER SYSTEMS INC,Unknown,0.0010073934639199882
TGT,TARGET CORP,Unknown,0.0010064726563902007
TFC,TRUIST FINANCIAL CORP,Unknown,0.0009889873221017363
WBD,WARNER BROS DISCOVERY INC,Unknown,0.0009876061108070554
COHR,COHERENT CORP,Unknown,0.0009868554524947286
CRH,CRH PLC,Unknown,0.0009849738023251628
LITE,LUMENTUM HOLDINGS INC,Unknown,0.000984093029905366
AJG,ARTHUR J GALLAGHER + CO,Unknown,0.0009762061132371864
HCA,HCA HEALTHCARE INC,Unknown,0.0009584205156237915
ABNB,AIRBNB INC CLASS A,Unknown,0.0009565688917867189
COR,CENCORA INC,Unknown,0.0009545371099546877
TEL,TE CONNECTIVITY PLC,Unknown,0.000947621044703784
BKR,BAKER HUGHES CO,Unknown,0.0009363611700188829
NUE,NUCOR CORP,Unknown,0.0009350400113891878
KMI,KINDER MORGAN INC,Unknown,0.0009244006809091433
TER,TERADYNE INC,Unknown,0.0009091072688926731
FIX,COMFORT SYSTEMS USA INC,Unknown,0.000908566794907798
DAL,DELTA AIR LINES INC,Unknown,0.0009062647760833293
APO,APOLLO GLOBAL MANAGEMENT INC,Unknown,0.0008910013903993522
D,DOMINION ENERGY INC,Unknown,0.0008867876950728247
NXPI,NXP SEMICONDUCTORS NV,Unknown,0.0008834647809435916
FAST,FASTENAL CO,Unknown,0.000880291998476824
O,REALTY INCOME CORP,Unknown,0.00087770973388242
AFL,AFLAC INC,Unknown,0.0008757380047153752
KEYS,KEYSIGHT TECHNOLOGIES IN,Unknown,0.0008702031507591525
AME,AMETEK INC,Unknown,0.0008697327382167612
TRGP,TARGA RESOURCES CORP,Unknown,0.0008689620623494389
CIEN,CIENA CORP,Unknown,0.0008597740046065596
GWW,WW GRAINGER INC,Unknown,0.0008407473185834512
CAH,CARDINAL HEALTH INC,Unknown,0.0008402168533760734
OKE,ONEOK INC,Unknown,0.0008361933248220021
SRE,SEMPRA,Unknown,0.000832289901597903
PSA,PUBLIC STORAGE,Unknown,0.0008278159780564357
MET,METLIFE INC,Unknown,0.0008153950851818025
F,FORD MOTOR CO,Unknown,0.0008146644444244711
LHX,L3HARRIS TECHNOLOGIES INC,Unknown,0.0008141640055495865
PYPL,PAYPAL HOLDINGS INC,Unknown,0.0007959380217262933
FITB,FIFTH THIRD BANCORP,Unknown,0.0007773216955805901
EW,EDWARDS LIFESCIENCES CORP,Unknown,0.000776320817830821
CTVA,CORTEVA INC,Unknown,0.0007759504930634065
ADSK,AUTODESK INC,Unknown,0.0007727176579316526
STT,STATE STREET CORP,Unknown,0.0007724674384942103
AZO,AUTOZONE INC,Unknown,0.0007627088804339627
NKE,NIKE INC  CL B,Unknown,0.0007604268791644895
AMP,AMERIPRISE FINANCIAL INC,Unknown,0.0007595961506321812
WAB,WABTEC CORP,Unknown,0.0007560430346205012
CARR,CARRIER GLOBAL CORP,Unknown,0.0007537310070185348
HONA,HONEYWELL AEROSPACE INC,Unknown,0.0007482461969498008
DVN,DEVON ENERGY CORP,Unknown,0.0007480360126223492
GRMN,GARMIN LTD,Unknown,0.0007443227561707063
ROK,ROCKWELL AUTOMATION INC,Unknown,0.0007418806144612699
CVNA,CARVANA CO,Unknown,0.000738877981211963
EBAY,EBAY INC,Unknown,0.0007381173141221385
FERG,FERGUSON ENTERPRISES INC,Unknown,0.0007377469893547241
BDX,BECTON DICKINSON AND CO,Unknown,0.0007364858833900152
ETR,ENTERGY CORP,Unknown,0.000735975435737633
XEL,XCEL ENERGY INC,Unknown,0.0007252860613701001
IDXX,IDEXX LABORATORIES INC,Unknown,0.0007026161803378324
EXC,EXELON CORP,Unknown,0.0006999438367459492
FLEX,FLEX LTD,Unknown,0.0006806669312853984
VTR,VENTAS INC,Unknown,0.0006770537626087323
VST,VISTRA CORP,Unknown,0.000676423209626378
HUM,HUMANA INC,Unknown,0.0006656637738163613
CMG,CHIPOTLE MEXICAN GRILL INC,Unknown,0.0006526823894018575
CBRE,CBRE GROUP INC   A,Unknown,0.0006517315555395768
AIG,AMERICAN INTERNATIONAL GROUP,Unknown,0.0006399912595347866
NDAQ,NASDAQ INC,Unknown,0.0006386400745725985
XYZ,BLOCK INC,Unknown,0.0006383498200251656
PRU,PRUDENTIAL FINANCIAL INC,Unknown,0.0006363680820806229
AXON,AXON ENTERPRISE INC,Unknown,0.0006357375290982685
YUM,YUM  BRANDS INC,Unknown,0.0006335656243812697
RSG,REPUBLIC SERVICES INC,Unknown,0.0006326648344064776
UAL,UNITED AIRLINES HOLDINGS INC,Unknown,0.0006325747554089984
KDP,KEURIG DR PEPPER INC,Unknown,0.0006237069785460451
MSCI,MSCI INC,Unknown,0.0006232365660036537
OXY,OCCIDENTAL PETROLEUM CORP,Unknown,0.000614188631145742
TTWO,TAKE TWO INTERACTIVE SOFTWRE,Unknown,0.0006108056643515228
SYY,SYSCO CORP,Unknown,0.0006088139176294825
MCHP,MICROCHIP TECHNOLOGY INC,Unknown,0.0006074126887798059
ED,CONSOLIDATED EDISON INC,Unknown,0.000606121556482604
ROP,ROPER TECHNOLOGIES INC,Unknown,0.0006047203276329273
A,AGILENT TECHNOLOGIES INC,Unknown,0.0006029487740158362
HIG,HARTFORD INSURANCE GROUP INC,Unknown,0.0005979644028219866
WAT,WATERS CORP,Unknown,0.0005915888115559582
IQV,IQVIA HOLDINGS INC,Unknown,0.0005855935538348418
PAYX,PAYCHEX INC,Unknown,0.0005848228779675198
ODFL,OLD DOMINION FREIGHT LINE,Unknown,0.0005839921494352115
DHI,DR HORTON INC,Unknown,0.0005812497444008445
IBKR,INTERACTIVE BROKERS GRO CL A,Unknown,0.0005784072515915005
NTAP,NETAPP INC,Unknown,0.0005711508879056754
PCG,P G + E CORP,Unknown,0.000565095577519573
PEG,PUBLIC SERVICE ENTERPRISE GP,Unknown,0.0005644450069822231
ADM,ARCHER DANIELS MIDLAND CO,Unknown,0.0005638244627773663
KVUE,KENVUE INC,Unknown,0.0005558674846667027
FANG,DIAMONDBACK ENERGY INC,Unknown,0.0005555371950092791
CCL,CARNIVAL CORP LTD,Unknown,0.0005541760012695932
MTB,M + T BANK CORP,Unknown,0.0005529549304148751
VMC,VULCAN MATERIALS CO,Unknown,0.0005515436927877008
JBL,JABIL INC,Unknown,0.0005488813579733152
IRM,IRON MOUNTAIN INC,Unknown,0.0005476702958960947
KMB,KIMBERLY CLARK CORP,Unknown,0.0005443974256543503
EME,EMCOR GROUP INC,Unknown,0.0005424357052648029
STLD,STEEL DYNAMICS INC,Unknown,0.000535139306468987
HBAN,HUNTINGTON BANCSHARES INC,Unknown,0.0005311858393573995
WEC,WEC ENERGY GROUP INC,Unknown,0.0005308655584774734
EXPE,EXPEDIA GROUP INC,Unknown,0.0005297545841752298
WDAY,WORKDAY INC CLASS A,Unknown,0.0005234490543516852
ACGL,ARCH CAPITAL GROUP LTD,Unknown,0.0005215473866271241
NTRS,NORTHERN TRUST CORP,Unknown,0.0005142910229412989
TPR,TAPESTRY INC,Unknown,0.0004948339594857897
CCI,CROWN CASTLE INC,Unknown,0.0004944235996083844
VEEV,VEEVA SYSTEMS INC CLASS A,Unknown,0.0004935828622985784
KR,KROGER CO,Unknown,0.000490790413376723
ZTS,ZOETIS INC,Unknown,0.0004889688158721434
RMD,RESMED INC,Unknown,0.0004887686403221896
COIN,COINBASE GLOBAL INC  CLASS A,Unknown,0.0004881981400048213
MLM,MARTIN MARIETTA MATERIALS,Unknown,0.00048793791178988136
EQT,EQT CORP,Unknown,0.00048714721836756383
WTW,WILLIS TOWERS WATSON PLC,Unknown,0.0004847951556556067
GEHC,GE HEALTHCARE TECHNOLOGY,Unknown,0.0004827833913785711
DXCM,DEXCOM INC,Unknown,0.00048192263651376967
TDY,TELEDYNE TECHNOLOGIES INC,Unknown,0.0004808516973215169
EXR,EXTRA SPACE STORAGE INC,Unknown,0.0004768181599899479
IR,INGERSOLL RAND INC,Unknown,0.000473845553073134
RJF,RAYMOND JAMES FINANCIAL INC,Unknown,0.0004695918226366157
CASY,CASEY S GENERAL STORES INC,Unknown,0.000465127907872646
ON,ON SEMICONDUCTOR,Unknown,0.0004633563542555549
CFG,CITIZENS FINANCIAL GROUP,Unknown,0.0004623254501732928
BIIB,BIOGEN INC,Unknown,0.00046033370345125254
CBOE,CBOE GLOBAL MARKETS INC,Unknown,0.00045768137741436466
CNC,CENTENE CORP,Unknown,0.00045394810340772636
AEE,AMEREN CORPORATION,Unknown,0.0004521465234581422
ARES,ARES MANAGEMENT CORP   A,Unknown,0.00043987576224597435
DTE,DTE ENERGY COMPANY,Unknown,0.00043952545503355523
WSM,WILLIAMS SONOMA INC,Unknown,0.00043874477038873536
VICI,VICI PROPERTIES INC,Unknown,0.0004373235239840634
FISV,FISERV INC,Unknown,0.0004355319528119769
LYV,LIVE NATION ENTERTAINMENT IN,Unknown,0.0004342107941822818
XYL,XYLEM INC,Unknown,0.0004332799778749967
MTD,METTLER TOLEDO INTERNATIONAL,Unknown,0.00043104802049301187
ATO,ATMOS ENERGY CORP,Unknown,0.000430977959050528
DOV,DOVER CORP,Unknown,0.0004288961333310085
OTIS,OTIS WORLDWIDE CORP,Unknown,0.0004275949922563088
DG,DOLLAR GENERAL CORP,Unknown,0.0004241719903520989
Q,QNITY ELECTRONICS INC,Unknown,0.00042115934832529417
CINF,CINCINNATI FINANCIAL CORP,Unknown,0.00041808665363350336
HSY,HERSHEY CO/THE,Unknown,0.0004102297632978168
HAL,HALLIBURTON CO,Unknown,0.0004098093946429138
ES,EVERSOURCE ENERGY,Unknown,0.00040846821845822335
CTSH,COGNIZANT TECH SOLUTIONS A,Unknown,0.0004069368755010768
HUBB,HUBBELL INC,Unknown,0.00040511527799649724
RF,REGIONS FINANCIAL CORP,Unknown,0.0004043546109066728
CNP,CENTERPOINT ENERGY INC,Unknown,0.00040143204787734734
SYF,SYNCHRONY FINANCIAL,Unknown,0.0003994302923778094
DGX,QUEST DIAGNOSTICS INC,Unknown,0.00039847945851552885
AWK,AMERICAN WATER WORKS CO INC,Unknown,0.00039736848421328524
FSLR,FIRST SOLAR INC,Unknown,0.00039563696570618493
PPG,PPG INDUSTRIES INC,Unknown,0.0003941656754140245
PPL,PPL CORP,Unknown,0.00039315478888675784
CPAY,CORPAY INC,Unknown,0.00039297463089179934
LH,LABCORP HOLDINGS INC,Unknown,0.00039188367414455115
AVB,AVALONBAY COMMUNITIES INC,Unknown,0.0003912631299396944
EIX,EDISON INTERNATIONAL,Unknown,0.00039048244529487453
HPQ,HP INC,Unknown,0.00038925136566265875
CPRT,COPART INC,Unknown,0.00038809034747292663
NRG,NRG ENERGY INC,Unknown,0.00037911247405749885
VRSK,VERISK ANALYTICS INC,Unknown,0.0003752791122758836
PHM,PULTEGROUP INC,Unknown,0.0003724466282440374
SW,SMURFIT WESTROCK PLC,Unknown,0.00037177604015169207
WST,WEST PHARMACEUTICAL SERVICES,Unknown,0.0003717360050417014
CHD,CHURCH + DWIGHT CO INC,Unknown,0.00036871335423739897
FE,FIRSTENERGY CORP,Unknown,0.00036856322257493366
TROW,T ROWE PRICE GROUP INC,Unknown,0.0003674622570501877
DRI,DARDEN RESTAURANTS INC,Unknown,0.0003646197642408438
VLTO,VERALTO CORP,Unknown,0.0003633486494986372
VRSN,VERISIGN INC,Unknown,0.00036151704321655994
FICO,FAIR ISAAC CORP,Unknown,0.00036087648145670777
OMC,OMNICOM GROUP,Unknown,0.0003549412764005777
DLTR,DOLLAR TREE INC,Unknown,0.0003544808726356839
ULTA,ULTA BEAUTY INC,Unknown,0.00035417060053325556
EXPD,EXPEDITORS INTL WASH INC,Unknown,0.00035252916102363445
FFIV,F5 INC,Unknown,0.00035132810772391164
LUV,SOUTHWEST AIRLINES CO,Unknown,0.0003462036136450944
EQR,EQUITY RESIDENTIAL,Unknown,0.00034329105939326663
STE,STERIS PLC,Unknown,0.0003431409277308013
PFG,PRINCIPAL FINANCIAL GROUP,Unknown,0.000342310199198493
PKG,PACKAGING CORP OF AMERICA,Unknown,0.0003377361878820487
FIS,FIDELITY NATIONAL INFO SERV,Unknown,0.00033402293143040574
EXE,EXPAND ENERGY CORP,Unknown,0.0003323314480332961
DOW,DOW INC,Unknown,0.00032846805991918783
CMS,CMS ENERGY CORP,Unknown,0.00032780748060434034
IFF,INTL FLAVORS + FRAGRANCES,Unknown,0.0003265964185271198
AMCR,AMCOR PLC,Unknown,0.000326105988429733
SNA,SNAP ON INC,Unknown,0.000324234347037665
IP,INTERNATIONAL PAPER CO,Unknown,0.00032324347806539366
KHC,KRAFT HEINZ CO/THE,Unknown,0.00032267297774802537
WRB,WR BERKLEY CORP,Unknown,0.00032018079215110056
EL,ESTEE LAUDER COMPANIES CL A,Unknown,0.00031809896643158103
EFX,EQUIFAX INC,Unknown,0.00031594707926957773
KEY,KEYCORP,Unknown,0.00031521643851224637
BRO,BROWN + BROWN INC,Unknown,0.00031318465668021535
NI,NISOURCE INC,Unknown,0.00031304453379524765
TPL,TEXAS PACIFIC LAND CORP,Unknown,0.00031086262030075127
GPN,GLOBAL PAYMENTS INC,Unknown,0.0003077699080539651
JBHT,HUNT (JB) TRANSPRT SVCS INC,Unknown,0.0002998529650532923
DD,DUPONT DE NEMOURS INC,Unknown,0.0002990622716309748
INCY,INCYTE CORP,Unknown,0.0002977511217787775
L,LOEWS CORP,Unknown,0.00029539905906682035
SBAC,SBA COMMUNICATIONS CORP,Unknown,0.00029226631171004337
GIS,GENERAL MILLS INC,Unknown,0.00029055481075793843
EVRG,EVERGY INC,Unknown,0.0002888933536933219
BR,BROADRIDGE FINANCIAL SOLUTIO,Unknown,0.0002876022213961199
MRNA,MODERNA INC,Unknown,0.0002871117912987331
VTRS,VIATRIS INC,Unknown,0.00028604085210648026
ZBH,ZIMMER BIOMET HOLDINGS INC,Unknown,0.00028379888594699777
FTV,FORTIVE CORP,Unknown,0.0002801156558278478
STZ,CONSTELLATION BRANDS INC A,Unknown,0.00027897465519311117
ESS,ESSEX PROPERTY TRUST INC,Unknown,0.0002764724608186887
GPC,GENUINE PARTS CO,Unknown,0.0002758719341688273
LEN,LENNAR CORP A,Unknown,0.000275591688398892
WY,WEYERHAEUSER CO,Unknown,0.000274881065196556
CDW,CDW CORP/DE,Unknown,0.00027376008211681477
CF,CF INDUSTRIES HOLDINGS INC,Unknown,0.0002706873874250239
TSCO,TRACTOR SUPPLY COMPANY,Unknown,0.0002698666676702134
LNT,ALLIANT ENERGY CORP,Unknown,0.00026948633412530115
ZBRA,ZEBRA TECHNOLOGIES CORP CL A,Unknown,0.0002619797510020337
IEX,IDEX CORP,Unknown,0.0002611089873597347
CHRW,C.H. ROBINSON WORLDWIDE INC,Unknown,0.0002609088118097809
AKAM,AKAMAI TECHNOLOGIES INC,Unknown,0.00026013813594245877
PTC,PTC INC,Unknown,0.00025745578357307786
LDOS,LEIDOS HOLDINGS INC,Unknown,0.0002568152218132257
J,JACOBS SOLUTIONS INC,Unknown,0.00025666509015076033
NVR,NVR INC,Unknown,0.0002552838788560791
BALL,BALL CORP,Unknown,0.0002536924832339464
INVH,INVITATION HOMES INC,Unknown,0.00025053971832217413
SMCI,SUPER MICRO COMPUTER INC,Unknown,0.0002495588581274005
TSN,TYSON FOODS INC CL A,Unknown,0.00024929862991246053
KIM,KIMCO REALTY CORP,Unknown,0.00024868809448510144
NDSN,NORDSON CORP,Unknown,0.00024721680419294105
LYB,LYONDELLBASELL INDU CL A,Unknown,0.00024035078282952577
FDXF,FEDEX FREIGHT HOLDING CO,Unknown,0.0002395200542972175
BBY,BEST BUY CO INC,Unknown,0.00023749828124268414
SWK,STANLEY BLACK + DECKER INC,Unknown,0.00023707791258778115
MAA,MID AMERICA APARTMENT COMM,Unknown,0.00023470583232082864
GEN,GEN DIGITAL INC,Unknown,0.0002324738749388438
RL,RALPH LAUREN CORP,Unknown,0.00023157308496405172
MAS,MASCO CORP,Unknown,0.00023056219843678504
TXT,TEXTRON INC,Unknown,0.0002301818648918728
HST,HOST HOTELS + RESORTS INC,Unknown,0.00022477712504312023
BG,BUNGE GLOBAL SA,Unknown,0.0002241465720607658
ALB,ALBEMARLE CORP,Unknown,0.0002229555275385407
AIZ,ASSURANT INC,Unknown,0.00022175447423881787
EG,EVEREST GROUP LTD,Unknown,0.000221234017808938
DOC,HEALTHPEAK PROPERTIES INC,Unknown,0.0002204433243866205
GL,GLOBE LIFE INC,Unknown,0.00021802120023217954
ALLE,ALLEGION PLC,Unknown,0.00021632971683506995
COO,COOPER COS INC/THE,Unknown,0.00021587932184767393
IVZ,INVESCO LTD,Unknown,0.0002125063638309524
BAX,BAXTER INTERNATIONAL INC,Unknown,0.00021153551241367649
DECK,DECKERS OUTDOOR CORP,Unknown,0.0002089432390417748
LII,LENNOX INTERNATIONAL INC,Unknown,0.00020816255439695498
LVS,LAS VEGAS SANDS CORP,Unknown,0.00020753200141460052
TRMB,TRIMBLE INC,Unknown,0.00020601066723495163
MKC,MCCORMICK + CO NON VTG SHRS,Unknown,0.00020104631359609747
AVY,AVERY DENNISON CORP,Unknown,0.00020083612926864594
CHTR,CHARTER COMMUNICATIONS INC A,Unknown,0.00019869425088414033
LULU,LULULEMON ATHLETICA INC,Unknown,0.00019717291670449144
APA,APA CORP,Unknown,0.00019490092421251584
TYL,TYLER TECHNOLOGIES INC,Unknown,0.00019487089788002278
CLX,CLOROX COMPANY,Unknown,0.00019378994991027225
CRL,CHARLES RIVER LABORATORIES,Unknown,0.0001930392915979455
RVTY,REVVITY INC,Unknown,0.00019239872983809335
REG,REGENCY CENTERS CORP,Unknown,0.00019143788719831512
SJM,JM SMUCKER CO/THE,Unknown,0.00019126773798085436
HII,HUNTINGTON INGALLS INDUSTRIE,Unknown,0.0001904670357810392
IT,GARTNER INC,Unknown,0.00018680382321688467
FOXA,FOX CORP   CLASS A,Unknown,0.00018604315612706025
GNRC,GENERAC HOLDINGS INC,Unknown,0.0001858930244645949
HAS,HASBRO INC,Unknown,0.0001846018921673929
PNW,PINNACLE WEST CAPITAL,Unknown,0.00018453183072490907
SOLV,SOLVENTUM CORP,Unknown,0.0001843016288424622
CSGP,COSTAR GROUP INC,Unknown,0.000182339908452915
GDDY,GODADDY INC   CLASS A,Unknown,0.00018058837239081924
TKO,TKO GROUP HOLDINGS INC,Unknown,0.00017795606390892682
ECHO,ECHOSTAR CORP A,Unknown,0.0001774556250340423
PNR,PENTAIR PLC,Unknown,0.0001705195422281432
TECH,BIO TECHNE CORP,Unknown,0.00017020927012571482
UDR,UDR INC,Unknown,0.00017020927012571482
JKHY,JACK HENRY + ASSOCIATES INC,Unknown,0.00016828758484615833
ALGN,ALIGN TECHNOLOGY INC,Unknown,0.00016814746196119066
CPT,CAMDEN PROPERTY TRUST,Unknown,0.00016799733029872533
DPZ,DOMINO S PIZZA INC,Unknown,0.00016562525003177282
NWSA,NEWS CORP   CLASS A,Unknown,0.00016340330142728565
ROL,ROLLINS INC,Unknown,0.00016328319609731337
AES,AES CORP,Unknown,0.00015823877223847767
BEN,FRANKLIN RESOURCES INC,Unknown,0.00015734799104118324
BXP,BXP INC,Unknown,0.00015349461170457263
SWKS,SKYWORKS SOLUTIONS INC,Unknown,0.0001517330668649792
FDS,FACTSET RESEARCH SYSTEMS INC,Unknown,0.00015097239977515477
APTV,APTIV PLC,Unknown,0.0001480798630783224
PODD,INSULET CORP,Unknown,0.00014562771259138836
FRT,FEDERAL REALTY INVS TRUST,Unknown,0.00014038311318259885
UHS,UNIVERSAL HEALTH SERVICES B,Unknown,0.0001365397426234859
NCLH,NORWEGIAN CRUISE LINE HOLDIN,Unknown,0.0001351685401063024
HSIC,HENRY SCHEIN INC,Unknown,0.00012894308050273926
WYNN,WYNN RESORTS LTD,Unknown,0.00012843263285035705
MGM,MGM RESORTS INTERNATIONAL,Unknown,0.00012796222030796563
BLDR,BUILDERS FIRSTSOURCE INC,Unknown,0.00011770322337283348
FOX,FOX CORP   CLASS B,Unknown,0.00011692253872801366
ARE,ALEXANDRIA REAL ESTATE EQUIT,Unknown,0.00011435028291110734
TTD,TRADE DESK INC/THE  CLASS A,Unknown,0.00011387987036871591
MOS,MOSAIC CO/THE,Unknown,0.00011336942271633374
HRL,HORMEL FOODS CORP,Unknown,0.00011045686846450597
AOS,SMITH (A.O.) CORP,Unknown,0.00010641332235543926
TAP,MOLSON COORS BEVERAGE CO   B,Unknown,0.00010270006590379627
ERIE,ERIE INDEMNITY COMPANY CL A,Unknown,9.735537872002986e-05
DVA,DAVITA INC,Unknown,8.75868118822845e-05
BF/B,BROWN FORMAN CORP CLASS B,Unknown,7.185301365591595e-05
NWS,NEWS CORP   CLASS B,Unknown,6.23646925881059e-05
PSKY,PARAMOUNT SKYDANCE CL B,Unknown,4.297769057508052e-05
2602335D,CONTRA HOLOGIC INCORPO,Unknown,3.0026332493069764e-08
